Workbook

Sheet 00_운영규칙
C2: BRING 주간 업무지시·완료보고 운영규칙
C3: 월요일 지시 → 금요일 회수. 지시되지 않은 업무는 평가하지 않으며, 완료기준이 없는 업무는 지시하지 않음.
B5: ■ 주간 사이클
B6: 시점 | C6: 행위자 | D6: 행위 | E6: 미이행 시
B7: 월 09:00 | C7: 대표 | D7: [01_업무지시서] 작성·전달 | E7: 지시 무효 — 해당 주 미평가
B8: 월 12:00 | C8: 담당자 | D8: [01] 하단 접수확인 작성 (본인 언어로 재정의 + 리스크 + 필요지원) | E8: 업무 미이해로 간주, 재지시
B9: 화~목 | C9: 담당자 | D9: 이슈 발생 즉시 보고 (일정 2일↑ 지연 / 비용 초과 / 안전) | E9: 금요일 사유 인정 불가
B10: 금 17:00 | C10: 담당자 | D10: [02_주간완료보고서] 제출 — 증빙 필수 | E10: 미제출 = 미완료 처리
B11: 금 18:00 | C11: 대표/부대표 | D11: §4 검수기준으로 검수 → [03_관리대장] 기록 → 다음 주 지시 반영 | E11: -
B14: ■ 업무지시서 구성 (6개 챕터)
B15: 챕터 | C15: 내용 | D15: 작성 주기 | E15: 미작성 시
B16: 1. 지시 배경 및 목적 | C16: 왜 이 업무가 필요한가 · 이번 주 목표 · 실패 시 손실 | D16: 매주 갱신 | E16: 우선순위 판단 불가
B17: 2. 업무 범위 | C17: 포함 / 제외 / 전제조건 | D17: 매주 갱신 | E17: 과잉 수행 또는 누락
B18: 3. 지시 업무 | C18: 업무명·완료기준·산출물·마감·가중치 (본문) | D18: 매주 갱신 | E18: 지시 성립 안 됨
B19: 4. 검수 기준 | C19: 합격/보완/불합격 판정 기준 | D19: 1회 작성 후 재사용 | E19: 담당자 자기검열 불가
B20: 5. 제공 자원 및 권한 | C20: 예산 한도·장비·계정·자율 결정 범위 | D20: 1회 작성 후 재사용 | E20: 매번 대표에게 질문
B21: 6. 제약 및 주의사항 | C21: 안전·비용·보안·대외 — 위반 시 무조건 불합격 | D21: 1회 작성 후 재사용 | E21: 사고·비용 리스크
B22: 접수확인 | C22: 담당자가 본인 언어로 재정의 (월 12:00까지) | D22: 매주 | E22: 재지시
B24: ■ 원칙
B25: · 지시자: 완료기준을 숫자·파일·시험결과로 쓸 것. '개발 완료'는 완료기준이 아님.
B26: · 지시자: §4~6은 한 번 채우면 매주 그대로 복사. 매주 새로 쓰는 것은 §1~3뿐임.
B27: · 담당자: 증빙(파일·링크·로그·측정값) 없는 진행률은 0%로 처리됨.
B28: · 담당자: 미완료 시 '무엇 때문에' 막혔는지 원인을 쓸 것. 사유 없는 미완료는 귀책.
B29: · 파일명: BRING_주간_[담당자]_[주차].xlsx (예: BRING_주간_황우중_2026-W29.xlsx)
B30: · 색상: 노란색=입력 / 초록색=자동계산(수정금지) / 주황색=대표 전용

Sheet 01_업무지시서
B1: 업 무 지 시 서
B2: Work Instruction | 브링엔지니어링 주식회사 | 본 지시서는 범위·완료기준·자원·제약을 확정하는 사내 공식 문서임
B4: 문서번호 | C4: BE-2026-W31-02 | D4: 주차 | E4: 2026-W31 | F4: 대상기간 | G4: 07-27(월)~07-31(금) | H4: 보고기한 | I4: 07-31(금) 17:00 | J4: 접수확인 기한 | K4: 07-27(월) 12:00
B5: 수신 (담당자) | C5: 황 우 중 | D5: 소속/직무 | E5: 온라인 마케팅 채널 운영 / 회사자료 관리 | F5: 발신 (지시자) | G5: 대표 서창환 | H5: 검수자 | I5: 팀장 서창환 | J5: 문서등급 | K5: 사내
B7: 1. 지시 배경 및 목적
B8: 배경 (왜 지금 이 업무인가) | C8: 황우중 담당자는 당분간 온라인 마케팅 채널 운영과 회사 자료 정리를 담당합니다. 담당 채널은 네이버 블로그·숨고·네이버 플레이스·당근·카카오톡 채널(비즈니스 파트너)이며, 회사 자료는 구글 드라이브를 정리·문서화합니다. 핵심 기준은 단순히 게시물·서비스를 올리는 것이 아니라, 각 채널에서 문의와 계약이 얼마나 발생했는지를 '숫자'로 남기는 것입니다. 우중 담당자는 게시·정리·기록·분석까지 맡고, 가격 변경·광고 예산/키워드 변경·외부 공개·파일 삭제·광고성 메시지 발송은 대표 확인 후 진행합니다. 업무에는 즉시 진행할 것, 첫 주 내 진행할 것, 매주·매일 반복할 것이 섞여 있으므로, 매일 확인 업무(숨고 신규문의·플레이스 광고 정상노출·광고비 과다소진·전화/톡톡/리뷰·당근/카카오톡 채팅·당일 사진/서류 정리)를 먼저 챙긴 뒤 주간 업무를 진행합니다.
B9: 이번 주 목표 (한 문장) | C9: 네이버 블로그·숨고·네이버 플레이스·당근·카카오톡 채널 5개 채널을 정상 운영·최신화하고, 채널별 문의·견적·계약을 숫자로 기록·분석하며, 구글 드라이브 자료를 건물별로 정리·문서화하는 것입니다.
B10: 미달 시 손실 (회사 관점) | C10: 광고비가 실제 문의·계약으로 이어지는지 확인하지 않으면 비용이 새고, 채널 정보가 낡으면 고객 신뢰와 문의가 줄어듭니다. 또한 자료가 흩어져 있으면 운영·정산에서 누락이 생기고 필요한 서류를 제때 찾지 못합니다.
B12: 2. 업무 범위
B13: 구분 | C13: 내용 | K13: 판단 주체
B14: 포함 범위 | C14: 1. 네이버 블로그 인수인계 및 운영 (기존 글 정리·신규 포스팅·성과 확인) | K14: 지시자
C15: 2. 숨고 서비스 등록 완료 및 문의·성과 관리
C16: 3. 네이버 플레이스 광고 정상작동 확인·데이터 기록·검색어 분석
C17: 4. 구글 드라이브 사진·서류 현황 파악 및 건물별 정리·문서화
C18: 5. 당근 비즈프로필 최신화 및 게시물·문의 관리
C19: 6. 카카오톡 채널(비즈니스 파트너) 최신화 및 문의·성과 관리
C20: 공통: 각 채널의 문의·견적·계약을 숫자로 기록하고 매주 금요일 성과 보고
B22: 제외 범위 | C22: 대표 확인 후에만 진행 (임의 진행 금지): · 가격 변경 / 광고 예산·키워드 추가·삭제 변경 · 외부 공개·공유 (계약서·신분정보·연락처 등) · 원본 파일 삭제·수정 (중복 파일도 바로 삭제하지 말고 목록 보고) · 부정 리뷰 답변 / 채널 광고성 메시지(친구 대상) 발송 · 플레이스·카카오톡 기본정보가 실제 운영과 다를 때의 수정 | K22: 지시자
B23: 전제 조건 | C23: · 우중 담당자는 게시·정리·기록·분석을 담당하고, 판단이 필요한 변경은 대표 확인 후 진행합니다 · 모든 채널의 핵심 산출은 '문의·견적·계약 수와 금액'을 숫자로 남기는 것입니다 · 개인정보 포함 자료·계약서는 외부 공유 금지, 공유 권한을 먼저 확인합니다 · 구글 드라이브는 원본을 옮기거나 삭제하기 전에 정리안을 먼저 보고·승인받고, 중요한 원본은 사본을 만든 뒤 작업합니다 · 확인되지 않은 정보는 추측하지 말고 '확인 필요'로 표시합니다 · 세부 실행은 매일 확인 업무 → 즉시(1순위) → 첫 주(2순위) → 매주 반복(3순위) 순으로 진행합니다 | K23: 지시자
B24: 범위 변경 | C24: 진행 중 대표 판단이 필요하거나 범위를 벗어나는 사항이 생기면, 화면 캡처·상황을 정리해 대표에게 바로 보고 후 진행합니다. | K24: 대표
B26: 3. 지시 업무 — 완료기준·산출물·가중치가 비면 지시 성립하지 않음
B27: No | C27: 업무명 | D27: 업무 목적 및 주요 내용 | E27: 완료기준 (측정 가능하게 — 무엇이 되면 끝인가) | F27: 제출물 | G27: 제출 위치 | H27: 마감 | I27: 우선 순위 | J27: 예상 소요(h) | K27: 가중치 (%)
B28: 1 | C28: 네이버 블로그 인수인계 및 운영 | D28: GitHub에 정리된 인수인계 자료를 숙지하고, 기존 글을 정리하며, 신규 포스팅과 성과를 관리합니다. | E28: ① GitHub 블로그 인수인계 자료 전체를 읽고 운영목적·작성기준·금지사항·사진기준·제목/태그/카테고리 기준을 숙지하고, 이해 안 되는 점은 질문 목록으로 정리합니다. ② 전체 게시글 목록을 작성하고, 잘못된 분류·낡은 정보·깨진 사진/링크·중복 글을 찾아 [즉시수정 / 추후보완 / 유지 / 비공개·삭제검토]로 분류합니다. ③ 신규 포스팅 관리표(작성일·발행일·담당자·제목·핵심/보조 키워드·지역·대상고객·사진·링크·상태·조회수·유입검색어·문의여부)를 만들고 진행상태를 통일합니다. ④ 매주 발행 글 수·전체/글별 조회수·유입 검색어·문의 발생 글·다음 주 주제를 확인합니다. | F28: 01_황우중_네이버블로그_운영관리_W31_v1.xlsx | G28: 브링 구글 드라이브 | H28: 07-31(금) 17:00 | I28: 높음 | J28: 8 | K28: 0.18
B29: 2 | C29: 숨고 서비스 등록 및 관리 | D29: 미완료 서비스 등록을 완료하고, 문의와 성과를 표로 관리합니다. | E29: ① 등록 서비스 현황을 점검하고 미완료 서비스·빠진 정보를 확인합니다. ② 미완료 서비스를 서비스명·소개·지역·작업범위·가격(산정방식)·상담절차·견적방식·작업사진·FAQ로 준비해 등록을 완료합니다. ③ 숨고 문의 관리표(날짜·지역·요청서비스·건물종류·희망일정·예상견적·견적발송·상담·계약여부·계약금액·실패이유·다음연락일)를 만들고 진행상태를 통일합니다. ④ 매주 문의·견적·상담·계약·계약금액·전환율·사용비용·계약 실패 이유를 정리합니다. | F29: 02_황우중_숨고_서비스관리_W31_v1.xlsx | G29: 브링 구글 드라이브 | H29: 07-31(금) 17:00 | I29: 높음 | J29: 6 | K29: 0.18
B30: 3 | C30: 네이버 플레이스 광고 확인 및 데이터 분석 | D30: 광고가 켜져 있는지만이 아니라, 광고비가 실제 문의·계약으로 이어지는지 매일 확인·기록·분석합니다. (가장 우선) | E30: ① 플레이스 기본정보(업체명·주소·연락처·영업시간·서비스·사진·가격·톡톡 등)를 점검합니다(실제 운영과 다르면 수정 전 대표 확인). ② 평일 매일 광고 정상 노출·중단·잔액·예산 소진·키워드 비용 쏠림·문의·리뷰를 확인하고, 이상 시 캡처해 즉시 보고합니다. ③ 광고 데이터 기록표(주 3회 이상: 광고비·노출·클릭·클릭률·CPC·전화클릭·톡톡·길찾기·저장·문의·견적·계약·계약금액)를 만들고, 문의당 광고비·계약 전환율·계약당 광고비를 계산합니다. ④ 매주 검색어·키워드 성과(문의·계약으로 이어진 검색어 / 비용만 든 검색어 / 제외 필요)를 분석하고 문의 유입경로를 확인합니다. 키워드·예산 변경은 분석 보고 후 진행합니다. | F30: 03_황우중_플레이스광고_데이터분석_W31_v1.xlsx | G30: 브링 구글 드라이브 | H30: 07-31(금) 17:00 | I30: 최우선 | J30: 8 | K30: 0.22
B31: 4 | C31: 구글 드라이브 사진·서류 정리 및 문서화 | D31: 원본을 옮기거나 지우지 말고 전체 현황을 먼저 파악한 뒤, 정리안을 보고·승인받아 건물별로 정리·문서화합니다. | E31: ① 전체 폴더·파일 현황을 파악합니다(폴더 목록·파일 수·중복·미분류·열리지 않는 파일·개인정보 포함 파일). ② 건물별 권장 폴더체계와 파일명 규칙 정리안을 먼저 보고해 승인받습니다(실제 이동 전 승인 필수). ③ 건물별 기본정보 문서를 작성합니다(건물명·주소·규모·고객·연락처·계약상태·서비스·견적/계약금액·작업주기·서류/사진 링크·특이사항 등, 미확인은 '확인 필요' 표기). ④ 완료 결과물(전체 파일목록·건물별 자료목록·누락서류·중복·미분류·개인정보 목록·건물 문서·정리 전후 변경내역)을 제출합니다. | F31: 04_황우중_구글드라이브_정리문서화_W31_v1.xlsx | G31: 브링 구글 드라이브 | H31: 07-31(금) 17:00 | I31: 보통 | J31: 7 | K31: 0.18
B32: 5 | C32: 당근 비즈프로필 최신화 및 관리 | D32: 비즈프로필 기본정보를 최신화하고, 게시물과 문의를 관리합니다. | E32: ① 기본정보(업체명·대표이미지·소개·연락처·영업시간·지역·서비스·가격·링크·오래된 문구)를 점검·최신화합니다. ② 기존 게시물을 [유지 / 내용수정 / 사진교체 / 재게시 / 숨김·삭제검토]로 분류합니다. ③ 최신 콘텐츠(회사소개·서비스·활동지역·작업 전후 사진·FAQ·상담방법)를 등록하고, 당근 문의 관리표를 작성합니다. ④ 매주 게시물 수·게시물/프로필 조회·관심·채팅/전화 문의·견적·계약·반응 좋은 게시물을 확인합니다. | F32: 05_황우중_당근_비즈프로필_W31_v1.xlsx | G32: 브링 구글 드라이브 | H32: 07-31(금) 17:00 | I32: 보통 | J32: 5 | K32: 0.12
C33: 카카오톡 채널(비즈니스 파트너) 최신화 및 관리 | D33: 카카오톡 채널(비즈니스 파트너) 기본정보를 최신화하고, 채팅 문의와 성과를 관리합니다. | E33: ① 채널 기본정보(채널명·프로필/커버·소개·연락처·영업시간·제공 서비스·홈 노출·링크)를 점검·최신화합니다(실제 운영과 다르면 수정 전 대표 확인). ② 채널 홈 게시(소식)·안내 문구 현황을 확인하고 낡은 가격·연락처·저품질 사진·중복을 정리 대상으로 분류합니다. ③ 카카오톡 채널 문의(채팅) 관리표(날짜·지역·요청서비스·건물종류·요청사항·답변·견적·계약·계약금액·실패이유·다음연락일)를 만들고 응대 상태를 통일합니다. ④ 매주 채널 친구 수·유입·채팅 문의·견적·계약·반응을 확인합니다. 친구 대상 광고성 메시지 발송·가격 변경은 대표 확인 후 진행합니다. | F33: 06_황우중_카카오톡채널_관리_W31_v1.xlsx | G33: 브링 구글 드라이브 | H33: 07-31(금) 17:00 | I33: 보통 | J33: 5 | K33: 0.12
B34: 합계 | J34: =SUM(J28:J33) | K34: =SUM(K28:K33)
B35: 발행 검증 | C35: =IF(COUNTA(C28:C33)=0,"업무 미입력",IF(COUNTA(E28:E33)<COUNTA(C28:C33),"발행 불가 — 완료기준 누락 업무 있음",IF(COUNTA(F28:F33)<COUNTA(C28:C33),"발행 불가 — 산출물 누락 업무 있음",IF(SUM(K28:K33)<>1,"발행 불가 — 가중치 합계 "&TEXT(SUM(K28:K33),"0%")&" (100% 필요)","발행 가능 — 완료기준·산출물·가중치 충족"))))
B38: 담당자 접수확인 — 월요일 12:00까지 담당자 직접 작성 (미작성 = 업무 미이해로 간주, 재지시)
B39: 내가 이해한 업무 (본인 언어로 재작성)
B40: 완료기준 재확인 (무엇이 되면 끝인가)
B41: 예상 리스크 (막힐 것 같은 지점)
B42: 필요한 지원·의사결정
B43: 실행 계획 (요일 배분)
B44: 접수 확인 일시 / 서명
B46: 결 재
B47: 구분 | C47: 작성 (지시자) | E47: 검토 (검수자) | G47: 승인 (대표) | I47: 접수 (담당자) | K47: 일자
B48: 서명 | C48: 서 창 환 | E48: 서 창 환 | G48: 서 창 환 | I48: 황 우 중 | K48: 2026-07-27

Sheet 02_주간완료보고서
C1: 주 간 완 료 보 고 서
C2: 작성: 담당자 | 제출: 매주 금요일 17:00 | 초록색 셀은 업무지시서에서 자동 연동됨 (수정 금지)
C4: 문서번호 | D4: ='01_업무지시서'!C4 | E4: 주차 | F4: ='01_업무지시서'!E4 | G4: 담당자 | H4: ='01_업무지시서'!C5 | I4: 대상기간 | J4: ='01_업무지시서'!G4 | K4: 작성일
C5: 주간 달성률 (가중) | D5: =SUMPRODUCT(F12:F17,H12:H17) | E5: 판정 | F5: =IF(D5>=1,"완수",IF(D5>=0.9,"정상",IF(D5>=0.7,"주의","경고"))) | G5: 계획 h | H5: =SUM('01_업무지시서'!J28:J33) | I5: 실제 h | J5: =SUM(I12:I17) | K5: 시간 정확도 | L5: =IFERROR(J5/H5,0)
C6: 이번 주 목표 (지시서 연동) | D6: ='01_업무지시서'!C9
C7: 목표 달성 여부 (자기 판정) | D7: 달성 / 부분달성 / 미달 — 그리고 그 이유 한 문장. 변명 없이 사실만.
C9: 1. 지시 업무별 결과 — 증빙 없는 진행률은 0%로 처리됨
C10: No | D10: 업무명 (자동) | E10: 완료기준 (자동) | F10: 가중치 (자동) | G10: 상태 | H10: 진행률 (%) | I10: 실제 소요(h) | J10: 증빙 (파일명·링크·측정값) | K10: 미완료 원인 | L10: 다음 조치
C11: 예시 | D11: [예시] 창문 모듈 브레드보드 제작 | E11: ① 센서 4종 1분 주기 수집 ② 24h 무중단 성공률 98%↑ ③ 센서ID·보정값 기록 | F11: 0.4 | G11: 진행중 | H11: 0.7 | I11: 14 | J11: drive/HW/W29/log_0716.csv (성공률 94.2%, 스크린샷 첨부) | K11: 누수센서 오탐 3회 — 접지 불량 추정. 재배선 전까지 98% 도달 불가. | L11: 월요일 재배선 후 24h 재시험 (4h 소요 예상)
C12: 1 | D12: =IF('01_업무지시서'!C28="","",'01_업무지시서'!C28) | E12: =IF('01_업무지시서'!E28="","",'01_업무지시서'!E28) | F12: =IF('01_업무지시서'!K28="",0,'01_업무지시서'!K28)
C13: 2 | D13: =IF('01_업무지시서'!C29="","",'01_업무지시서'!C29) | E13: =IF('01_업무지시서'!E29="","",'01_업무지시서'!E29) | F13: =IF('01_업무지시서'!K29="",0,'01_업무지시서'!K29)
C14: 3 | D14: =IF('01_업무지시서'!C30="","",'01_업무지시서'!C30) | E14: =IF('01_업무지시서'!E30="","",'01_업무지시서'!E30) | F14: =IF('01_업무지시서'!K30="",0,'01_업무지시서'!K30)
C15: 4 | D15: =IF('01_업무지시서'!C31="","",'01_업무지시서'!C31) | E15: =IF('01_업무지시서'!E31="","",'01_업무지시서'!E31) | F15: =IF('01_업무지시서'!K31="",0,'01_업무지시서'!K31)
C16: 5 | D16: =IF('01_업무지시서'!C32="","",'01_업무지시서'!C32) | E16: =IF('01_업무지시서'!E32="","",'01_업무지시서'!E32) | F16: =IF('01_업무지시서'!K32="",0,'01_업무지시서'!K32)
D17: =IF('01_업무지시서'!C33="","",'01_업무지시서'!C33) | E17: =IF('01_업무지시서'!E33="","",'01_업무지시서'!E33) | F17: =IF('01_업무지시서'!K33="",0,'01_업무지시서'!K33)
C18: 합계 | D18: 가중 달성률 → | F18: =SUM(F12:F17) | G18: =SUMPRODUCT(F12:F17,H12:H17) | H18: =COUNTIF(G12:G17,"완료") | I18: =SUM(I12:I17) | J18: ="완료 "&COUNTIF(G12:G17,"완료")&"건 / 진행중 "&COUNTIF(G12:G17,"진행중")&"건 / 미착수 "&COUNTIF(G12:G17,"미착수")&"건"
C20: 2. 자가 검수 — 제출 전 §4 검수기준으로 본인이 먼저 점검
C21: 검수 항목 (자동) | D21: 검수 질문 (자동) | I21: 자가 판정 | J21: 미충족 사유·보완 계획 | L21: 검수자 판정
C30: 3. 이슈 및 지원요청 — 대안 없이 문제만 올리는 보고는 반려
C31: 구분 | D31: 이슈 내용 | E31: 영향 (일정/비용/품질) | F31: 근본 원인 | G31: 대안 1 | H31: 대안 2 | I31: 권고안 | J31: 요청사항 | K31: 결정기한 | L31: 대표 결정
C36: 4. 다음 주 제안 업무 — 지시를 기다리지 말 것. 본인이 먼저 제안.
C37: No | D37: 제안 업무 | E37: 왜 해야 하는가 | F37: 완료기준(안) | G37: 예상 소요(h) | H37: 우선순위(안) | I37: 선행 조건 | J37: 필요 지원 | K37: 대표 승인 | L37: 비고
C38: 1
C39: 2
C40: 3
C41: 4
C43: 5. 자기점검 및 대표 검수
C44: 이번 주 가장 잘한 것 | D44: 결과로 증명되는 것 1개만 | J44: [대표 검수 의견]
C45: 이번 주 가장 부족한 것 | D45: 변명 말고 사실만
C46: 다음 주 개선 액션 1개 | D46: 실행 가능한 행동으로
C48: 제출자 | G48: 검수자 | J48: 최종 판정

Sheet 03_주간관리대장
A1: 주간 관리대장 (대표용 누적)
A2: 매주 금요일 검수 후 1행 누적. 2주 연속 '경고'는 업무 재설계 또는 인사 조치 검토 대상.
A4: 주차 | B4: 담당자 | C4: 지시 건수 | D4: 완료 건수 | E4: 완료율 | F4: 가중 달성률 | G4: 판정 | H4: 계획 h | I4: 실제 h | J4: 시간 정확도 | K4: 미완료 핵심 사유 | L4: 대표 조치 | M4: 누적 경고
E5: =IFERROR(D5/C5,0) | G5: =IF(F5="","",IF(F5>=1,"완수",IF(F5>=0.9,"정상",IF(F5>=0.7,"주의","경고")))) | J5: =IFERROR(I5/H5,0) | M5: =IF(B5="","",COUNTIFS($B$5:B5,B5,$G$5:G5,"경고"))
E6: =IFERROR(D6/C6,0) | G6: =IF(F6="","",IF(F6>=1,"완수",IF(F6>=0.9,"정상",IF(F6>=0.7,"주의","경고")))) | J6: =IFERROR(I6/H6,0) | M6: =IF(B6="","",COUNTIFS($B$5:B6,B6,$G$5:G6,"경고"))
E7: =IFERROR(D7/C7,0) | G7: =IF(F7="","",IF(F7>=1,"완수",IF(F7>=0.9,"정상",IF(F7>=0.7,"주의","경고")))) | J7: =IFERROR(I7/H7,0) | M7: =IF(B7="","",COUNTIFS($B$5:B7,B7,$G$5:G7,"경고"))
E8: =IFERROR(D8/C8,0) | G8: =IF(F8="","",IF(F8>=1,"완수",IF(F8>=0.9,"정상",IF(F8>=0.7,"주의","경고")))) | J8: =IFERROR(I8/H8,0) | M8: =IF(B8="","",COUNTIFS($B$5:B8,B8,$G$5:G8,"경고"))
E9: =IFERROR(D9/C9,0) | G9: =IF(F9="","",IF(F9>=1,"완수",IF(F9>=0.9,"정상",IF(F9>=0.7,"주의","경고")))) | J9: =IFERROR(I9/H9,0) | M9: =IF(B9="","",COUNTIFS($B$5:B9,B9,$G$5:G9,"경고"))
E10: =IFERROR(D10/C10,0) | G10: =IF(F10="","",IF(F10>=1,"완수",IF(F10>=0.9,"정상",IF(F10>=0.7,"주의","경고")))) | J10: =IFERROR(I10/H10,0) | M10: =IF(B10="","",COUNTIFS($B$5:B10,B10,$G$5:G10,"경고"))
E11: =IFERROR(D11/C11,0) | G11: =IF(F11="","",IF(F11>=1,"완수",IF(F11>=0.9,"정상",IF(F11>=0.7,"주의","경고")))) | J11: =IFERROR(I11/H11,0) | M11: =IF(B11="","",COUNTIFS($B$5:B11,B11,$G$5:G11,"경고"))
E12: =IFERROR(D12/C12,0) | G12: =IF(F12="","",IF(F12>=1,"완수",IF(F12>=0.9,"정상",IF(F12>=0.7,"주의","경고")))) | J12: =IFERROR(I12/H12,0) | M12: =IF(B12="","",COUNTIFS($B$5:B12,B12,$G$5:G12,"경고"))
E13: =IFERROR(D13/C13,0) | G13: =IF(F13="","",IF(F13>=1,"완수",IF(F13>=0.9,"정상",IF(F13>=0.7,"주의","경고")))) | J13: =IFERROR(I13/H13,0) | M13: =IF(B13="","",COUNTIFS($B$5:B13,B13,$G$5:G13,"경고"))
E14: =IFERROR(D14/C14,0) | G14: =IF(F14="","",IF(F14>=1,"완수",IF(F14>=0.9,"정상",IF(F14>=0.7,"주의","경고")))) | J14: =IFERROR(I14/H14,0) | M14: =IF(B14="","",COUNTIFS($B$5:B14,B14,$G$5:G14,"경고"))
E15: =IFERROR(D15/C15,0) | G15: =IF(F15="","",IF(F15>=1,"완수",IF(F15>=0.9,"정상",IF(F15>=0.7,"주의","경고")))) | J15: =IFERROR(I15/H15,0) | M15: =IF(B15="","",COUNTIFS($B$5:B15,B15,$G$5:G15,"경고"))
E16: =IFERROR(D16/C16,0) | G16: =IF(F16="","",IF(F16>=1,"완수",IF(F16>=0.9,"정상",IF(F16>=0.7,"주의","경고")))) | J16: =IFERROR(I16/H16,0) | M16: =IF(B16="","",COUNTIFS($B$5:B16,B16,$G$5:G16,"경고"))
... E28: =IFERROR(D28/C28,0) | G28: =IF(F28="","",IF(F28>=1,"완수",IF(F28>=0.9,"정상",IF(F28>=0.7,"주의","경고")))) | J28: =IFERROR(I28/H28,0) | M28: =IF(B28="","",COUNTIFS($B$5:B28,B28,$G$5:G28,"경고"))
