Workbook

Sheet 대시보드
A1: 📊 브링FM 프로젝트 현황 대시보드
A2: 대상 주차: 2026년 7월 2주차 (7/6~7/12) | E2: 기준일: | F2: =TODAY()
A4: ① 정량 지표 (Quantitative)
A5: 총 과업 | B5: =COUNTA(과업입력!$A$3:$A$52) | D5: 총 예상공수(h) | E5: =SUM(과업입력!$G$3:$G$52)
A6: 완료 | B6: =COUNTIF(과업입력!$H$3:$H$52,"완료") | D6: 완료 공수(h) | E6: =SUMIF(과업입력!$H$3:$H$52,"완료",과업입력!$G$3:$G$52)
A7: 진행중 | B7: =COUNTIF(과업입력!$H$3:$H$52,"진행중") | D7: 잔여 공수(h) | E7: =E5-E6
A8: 대기 | B8: =COUNTIF(과업입력!$H$3:$H$52,"대기") | D8: 🔴 P1 과업 | E8: =COUNTIF(과업입력!$K$3:$K$52,"🔴 P1")
A9: 보류 | B9: =COUNTIF(과업입력!$H$3:$H$52,"보류") | D9: 🟡 P2 과업 | E9: =COUNTIF(과업입력!$K$3:$K$52,"🟡 P2")
A10: 완료율 | B10: =IFERROR(B6/B5,0) | D10: 🟢 P3 과업 | E10: =COUNTIF(과업입력!$K$3:$K$52,"🟢 P3")
A11: 평균 진척률(%) | B11: =IFERROR(AVERAGEIF(과업입력!$A$3:$A$52,"<>",과업입력!$I$3:$I$52),0) | D11: 미완료 과업 | E11: =B5-B6
A12: 지연(마감초과·미완료) | B12: =COUNTIFS(과업입력!$L$3:$L$52,"<0",과업입력!$H$3:$H$52,"<>완료") | D12: 오늘 마감(미완료) | E12: =COUNTIFS(과업입력!$L$3:$L$52,0,과업입력!$H$3:$H$52,"<>완료")
A14: ② 카테고리별 현황 | G14: ③ 담당자별 부하
A15: 카테고리 | B15: 과업수 | C15: 완료 | D15: 완료율 | E15: 예상공수(h) | G15: 담당자 | H15: 미완료 | I15: 잔여공수(h)
A16: 기획 | B16: =COUNTIF(과업입력!$C$3:$C$52,A16) | C16: =COUNTIFS(과업입력!$C$3:$C$52,A16,과업입력!$H$3:$H$52,"완료") | D16: =IFERROR(C16/B16,0) | E16: =SUMIF(과업입력!$C$3:$C$52,A16,과업입력!$G$3:$G$52) | G16: 김지훈 | H16: =COUNTIFS(과업입력!$B$3:$B$52,G16,과업입력!$H$3:$H$52,"<>완료") | I16: =SUMIFS(과업입력!$G$3:$G$52,과업입력!$B$3:$B$52,G16,과업입력!$H$3:$H$52,"<>완료")
A17: 개발 | B17: =COUNTIF(과업입력!$C$3:$C$52,A17) | C17: =COUNTIFS(과업입력!$C$3:$C$52,A17,과업입력!$H$3:$H$52,"완료") | D17: =IFERROR(C17/B17,0) | E17: =SUMIF(과업입력!$C$3:$C$52,A17,과업입력!$G$3:$G$52) | G17: 박서연 | H17: =COUNTIFS(과업입력!$B$3:$B$52,G17,과업입력!$H$3:$H$52,"<>완료") | I17: =SUMIFS(과업입력!$G$3:$G$52,과업입력!$B$3:$B$52,G17,과업입력!$H$3:$H$52,"<>완료")
A18: 디자인 | B18: =COUNTIF(과업입력!$C$3:$C$52,A18) | C18: =COUNTIFS(과업입력!$C$3:$C$52,A18,과업입력!$H$3:$H$52,"완료") | D18: =IFERROR(C18/B18,0) | E18: =SUMIF(과업입력!$C$3:$C$52,A18,과업입력!$G$3:$G$52) | G18: 이도현 | H18: =COUNTIFS(과업입력!$B$3:$B$52,G18,과업입력!$H$3:$H$52,"<>완료") | I18: =SUMIFS(과업입력!$G$3:$G$52,과업입력!$B$3:$B$52,G18,과업입력!$H$3:$H$52,"<>완료")
A19: 마케팅 | B19: =COUNTIF(과업입력!$C$3:$C$52,A19) | C19: =COUNTIFS(과업입력!$C$3:$C$52,A19,과업입력!$H$3:$H$52,"완료") | D19: =IFERROR(C19/B19,0) | E19: =SUMIF(과업입력!$C$3:$C$52,A19,과업입력!$G$3:$G$52) | G19: 최유진 | H19: =COUNTIFS(과업입력!$B$3:$B$52,G19,과업입력!$H$3:$H$52,"<>완료") | I19: =SUMIFS(과업입력!$G$3:$G$52,과업입력!$B$3:$B$52,G19,과업입력!$H$3:$H$52,"<>완료")
A20: 리서치 | B20: =COUNTIF(과업입력!$C$3:$C$52,A20) | C20: =COUNTIFS(과업입력!$C$3:$C$52,A20,과업입력!$H$3:$H$52,"완료") | D20: =IFERROR(C20/B20,0) | E20: =SUMIF(과업입력!$C$3:$C$52,A20,과업입력!$G$3:$G$52) | G20: 정하늘 | H20: =COUNTIFS(과업입력!$B$3:$B$52,G20,과업입력!$H$3:$H$52,"<>완료") | I20: =SUMIFS(과업입력!$G$3:$G$52,과업입력!$B$3:$B$52,G20,과업입력!$H$3:$H$52,"<>완료")
A21: 운영 | B21: =COUNTIF(과업입력!$C$3:$C$52,A21) | C21: =COUNTIFS(과업입력!$C$3:$C$52,A21,과업입력!$H$3:$H$52,"완료") | D21: =IFERROR(C21/B21,0) | E21: =SUMIF(과업입력!$C$3:$C$52,A21,과업입력!$G$3:$G$52)
A22: 기타 | B22: =COUNTIF(과업입력!$C$3:$C$52,A22) | C22: =COUNTIFS(과업입력!$C$3:$C$52,A22,과업입력!$H$3:$H$52,"완료") | D22: =IFERROR(C22/B22,0) | E22: =SUMIF(과업입력!$C$3:$C$52,A22,과업입력!$G$3:$G$52)
A25: ④ 정성 요약 (Qualitative)
A26: 한 줄 브리핑 | B26: ="총 "&B5&"건 · 완료 "&B6&"건("&TEXT(B10,"0%")&") · 진행중 "&B7&"건 · 대기 "&B8&"건 · 🔴지연 "&B12&"건"
A27: 이번 주 최우선(Top3) | B27: =IFERROR(우선순위ToDo!C3&" ["&우선순위ToDo!L3&"] / "&우선순위ToDo!C4&" ["&우선순위ToDo!L4&"] / "&우선순위ToDo!C5&" ["&우선순위ToDo!L5&"],"—")
A28: ⚠️ 지연 리스크 | B28: =IFERROR(TEXTJOIN(" · ",TRUE,FILTER(과업입력!$A$3:$A$52,(과업입력!$L$3:$L$52<0)*(과업입력!$H$3:$H$52<>"완료"))),"없음 👍")
A29: 오늘/내일 마감 | B29: =IFERROR(TEXTJOIN(" · ",TRUE,FILTER(과업입력!$A$3:$A$52,(과업입력!$L$3:$L$52>=0)*(과업입력!$L$3:$L$52<=1)*(과업입력!$H$3:$H$52<>"완료"))),"없음")
A30: 메모 모아보기 | B30: =IFERROR(TEXTJOIN(" | ",TRUE,FILTER(과업입력!A3:A52&" — "&과업입력!M3:M52,(과업입력!A3:A52<>"")*(과업입력!M3:M52<>""))),"—")

Sheet 설정
A1: 카테고리 | C1: 진행상태 | E1: 담당자
A2: 기획 | C2: 대기 | E2: 김지훈
A3: 개발 | C3: 진행중 | E3: 박서연
A4: 디자인 | C4: 완료 | E4: 이도현
A5: 마케팅 | C5: 보류 | E5: 최유진
A6: 리서치 | E6: 정하늘
A7: 운영
A8: 기타
A10: 우선순위 산정식
A11: 점수 = 중요도×3 + 긴급도×3 + 마감가중(최대15) − 진척감점(최대5)
A12: 등급: 🔴P1 ≥30 · 🟡P2 ≥18 · 🟢P3 <18 · ✅완료

Sheet 과업입력
A1: ✍️ 과업 입력 — 2026년 7월 2주차 (7/6 ~ 7/12) ※ 흰색 칸만 입력하면 노란색 칸은 자동 계산됩니다
A2: 과업명 | B2: 담당자 | C2: 카테고리 | D2: 중요도 (1-5) | E2: 긴급도 (1-5) | F2: 마감일 | G2: 예상공수 (h) | H2: 진행상태 | I2: 진척률 (%) | J2: 우선순위 점수 | K2: 등급 | L2: D-Day | M2: 비고/메모
A3: 앱 온보딩 플로우 개선 | B3: 김지훈 | C3: 개발 | D3: 5 | E3: 4 | F3: 46215 | G3: 16 | H3: 진행중 | I3: 60 | J3: =IF($A3="","",IF($H3="완료",0,$D3*3+$E3*3+IF($F3="",0,MAX(0,15-MAX(0,$L3)))-($I3/100)*5)) | K3: =IF($A3="","",IF($H3="완료","✅완료",IF($J3>=30,"🔴 P1",IF($J3>=18,"🟡 P2","🟢 P3")))) | L3: =IF($F3="","",$F3-TODAY()) | M3: 이탈 지점 A/B 테스트 병행
A4: 투자 IR 자료 v2 작성 | B4: 박서연 | C4: 기획 | D4: 5 | E4: 5 | F4: 46213 | G4: 8 | H4: 진행중 | I4: 40 | J4: =IF($A4="","",IF($H4="완료",0,$D4*3+$E4*3+IF($F4="",0,MAX(0,15-MAX(0,$L4)))-($I4/100)*5)) | K4: =IF($A4="","",IF($H4="완료","✅완료",IF($J4>=30,"🔴 P1",IF($J4>=18,"🟡 P2","🟢 P3")))) | L4: =IF($F4="","",$F4-TODAY()) | M4: ⚠️ 마감 초과, 대표 리뷰 대기
A5: 결제 모듈 QA | B5: 박서연 | C5: 개발 | D5: 5 | E5: 5 | F5: 46212 | G5: 8 | H5: 진행중 | I5: 50 | J5: =IF($A5="","",IF($H5="완료",0,$D5*3+$E5*3+IF($F5="",0,MAX(0,15-MAX(0,$L5)))-($I5/100)*5)) | K5: =IF($A5="","",IF($H5="완료","✅완료",IF($J5>=30,"🔴 P1",IF($J5>=18,"🟡 P2","🟢 P3")))) | L5: =IF($F5="","",$F5-TODAY()) | M5: ⚠️ 결제 실패 케이스 2건 남음
A6: 7월 콘텐츠 캘린더 확정 | B6: 정하늘 | C6: 마케팅 | D6: 3 | E6: 4 | F6: 46214 | G6: 4 | H6: 진행중 | I6: 80 | J6: =IF($A6="","",IF($H6="완료",0,$D6*3+$E6*3+IF($F6="",0,MAX(0,15-MAX(0,$L6)))-($I6/100)*5)) | K6: =IF($A6="","",IF($H6="완료","✅완료",IF($J6>=30,"🔴 P1",IF($J6>=18,"🟡 P2","🟢 P3")))) | L6: =IF($F6="","",$F6-TODAY()) | M6: 오늘 마감, 채널별 배분만 확정하면 완료
A7: 사용자 인터뷰 5명 진행 | B7: 이도현 | C7: 리서치 | D7: 4 | E7: 3 | F7: 46218 | G7: 10 | H7: 대기 | I7: 0 | J7: =IF($A7="","",IF($H7="완료",0,$D7*3+$E7*3+IF($F7="",0,MAX(0,15-MAX(0,$L7)))-($I7/100)*5)) | K7: =IF($A7="","",IF($H7="완료","✅완료",IF($J7>=30,"🔴 P1",IF($J7>=18,"🟡 P2","🟢 P3")))) | L7: =IF($F7="","",$F7-TODAY()) | M7: 리크루팅 3명 완료
A8: 브랜드 키비주얼 시안 | B8: 최유진 | C8: 디자인 | D8: 3 | E8: 3 | F8: 46217 | G8: 12 | H8: 진행중 | I8: 30 | J8: =IF($A8="","",IF($H8="완료",0,$D8*3+$E8*3+IF($F8="",0,MAX(0,15-MAX(0,$L8)))-($I8/100)*5)) | K8: =IF($A8="","",IF($H8="완료","✅완료",IF($J8>=30,"🔴 P1",IF($J8>=18,"🟡 P2","🟢 P3")))) | L8: =IF($F8="","",$F8-TODAY()) | M8: 1차 시안 내부 공유
A9: 서버 비용 최적화 | B9: 김지훈 | C9: 운영 | D9: 4 | E9: 2 | F9: 46223 | G9: 6 | H9: 대기 | I9: 0 | J9: =IF($A9="","",IF($H9="완료",0,$D9*3+$E9*3+IF($F9="",0,MAX(0,15-MAX(0,$L9)))-($I9/100)*5)) | K9: =IF($A9="","",IF($H9="완료","✅완료",IF($J9>=30,"🔴 P1",IF($J9>=18,"🟡 P2","🟢 P3")))) | L9: =IF($F9="","",$F9-TODAY()) | M9: 트래픽 로그 분석 선행 필요
A10: 랜딩페이지 카피 수정 | B10: 정하늘 | C10: 마케팅 | D10: 2 | E10: 2 | F10: 46211 | G10: 3 | H10: 완료 | I10: 100 | J10: =IF($A10="","",IF($H10="완료",0,$D10*3+$E10*3+IF($F10="",0,MAX(0,15-MAX(0,$L10)))-($I10/100)*5)) | K10: =IF($A10="","",IF($H10="완료","✅완료",IF($J10>=30,"🔴 P1",IF($J10>=18,"🟡 P2","🟢 P3")))) | L10: =IF($F10="","",$F10-TODAY()) | M10: 배포 완료
J11: =IF($A11="","",IF($H11="완료",0,$D11*3+$E11*3+IF($F11="",0,MAX(0,15-MAX(0,$L11)))-($I11/100)*5)) | K11: =IF($A11="","",IF($H11="완료","✅완료",IF($J11>=30,"🔴 P1",IF($J11>=18,"🟡 P2","🟢 P3")))) | L11: =IF($F11="","",$F11-TODAY())
J12: =IF($A12="","",IF($H12="완료",0,$D12*3+$E12*3+IF($F12="",0,MAX(0,15-MAX(0,$L12)))-($I12/100)*5)) | K12: =IF($A12="","",IF($H12="완료","✅완료",IF($J12>=30,"🔴 P1",IF($J12>=18,"🟡 P2","🟢 P3")))) | L12: =IF($F12="","",$F12-TODAY())
J13: =IF($A13="","",IF($H13="완료",0,$D13*3+$E13*3+IF($F13="",0,MAX(0,15-MAX(0,$L13)))-($I13/100)*5)) | K13: =IF($A13="","",IF($H13="완료","✅완료",IF($J13>=30,"🔴 P1",IF($J13>=18,"🟡 P2","🟢 P3")))) | L13: =IF($F13="","",$F13-TODAY())
J14: =IF($A14="","",IF($H14="완료",0,$D14*3+$E14*3+IF($F14="",0,MAX(0,15-MAX(0,$L14)))-($I14/100)*5)) | K14: =IF($A14="","",IF($H14="완료","✅완료",IF($J14>=30,"🔴 P1",IF($J14>=18,"🟡 P2","🟢 P3")))) | L14: =IF($F14="","",$F14-TODAY())
J15: =IF($A15="","",IF($H15="완료",0,$D15*3+$E15*3+IF($F15="",0,MAX(0,15-MAX(0,$L15)))-($I15/100)*5)) | K15: =IF($A15="","",IF($H15="완료","✅완료",IF($J15>=30,"🔴 P1",IF($J15>=18,"🟡 P2","🟢 P3")))) | L15: =IF($F15="","",$F15-TODAY())
J16: =IF($A16="","",IF($H16="완료",0,$D16*3+$E16*3+IF($F16="",0,MAX(0,15-MAX(0,$L16)))-($I16/100)*5)) | K16: =IF($A16="","",IF($H16="완료","✅완료",IF($J16>=30,"🔴 P1",IF($J16>=18,"🟡 P2","🟢 P3")))) | L16: =IF($F16="","",$F16-TODAY())
J17: =IF($A17="","",IF($H17="완료",0,$D17*3+$E17*3+IF($F17="",0,MAX(0,15-MAX(0,$L17)))-($I17/100)*5)) | K17: =IF($A17="","",IF($H17="완료","✅완료",IF($J17>=30,"🔴 P1",IF($J17>=18,"🟡 P2","🟢 P3")))) | L17: =IF($F17="","",$F17-TODAY())
J18: =IF($A18="","",IF($H18="완료",0,$D18*3+$E18*3+IF($F18="",0,MAX(0,15-MAX(0,$L18)))-($I18/100)*5)) | K18: =IF($A18="","",IF($H18="완료","✅완료",IF($J18>=30,"🔴 P1",IF($J18>=18,"🟡 P2","🟢 P3")))) | L18: =IF($F18="","",$F18-TODAY())
J19: =IF($A19="","",IF($H19="완료",0,$D19*3+$E19*3+IF($F19="",0,MAX(0,15-MAX(0,$L19)))-($I19/100)*5)) | K19: =IF($A19="","",IF($H19="완료","✅완료",IF($J19>=30,"🔴 P1",IF($J19>=18,"🟡 P2","🟢 P3")))) | L19: =IF($F19="","",$F19-TODAY())
J20: =IF($A20="","",IF($H20="완료",0,$D20*3+$E20*3+IF($F20="",0,MAX(0,15-MAX(0,$L20)))-($I20/100)*5)) | K20: =IF($A20="","",IF($H20="완료","✅완료",IF($J20>=30,"🔴 P1",IF($J20>=18,"🟡 P2","🟢 P3")))) | L20: =IF($F20="","",$F20-TODAY())
J21: =IF($A21="","",IF($H21="완료",0,$D21*3+$E21*3+IF($F21="",0,MAX(0,15-MAX(0,$L21)))-($I21/100)*5)) | K21: =IF($A21="","",IF($H21="완료","✅완료",IF($J21>=30,"🔴 P1",IF($J21>=18,"🟡 P2","🟢 P3")))) | L21: =IF($F21="","",$F21-TODAY())
J22: =IF($A22="","",IF($H22="완료",0,$D22*3+$E22*3+IF($F22="",0,MAX(0,15-MAX(0,$L22)))-($I22/100)*5)) | K22: =IF($A22="","",IF($H22="완료","✅완료",IF($J22>=30,"🔴 P1",IF($J22>=18,"🟡 P2","🟢 P3")))) | L22: =IF($F22="","",$F22-TODAY())
... J52: =IF($A52="","",IF($H52="완료",0,$D52*3+$E52*3+IF($F52="",0,MAX(0,15-MAX(0,$L52)))-($I52/100)*5)) | K52: =IF($A52="","",IF($H52="완료","✅완료",IF($J52>=30,"🔴 P1",IF($J52>=18,"🟡 P2","🟢 P3")))) | L52: =IF($F52="","",$F52-TODAY())

Sheet 우선순위ToDo
A1: ✅ 우선순위 To-Do — 미완료 과업이 점수 높은 순으로 자동 정렬됩니다
A2: 순위 | B2: 과업명 | C2: 담당자 | D2: 카테고리 | E2: 중요도 (1-5) | F2: 긴급도 (1-5) | G2: 마감일 | H2: 예상공수 (h) | I2: 진행상태 | J2: 진척률 (%) | K2: 우선순위 점수 | L2: 등급 | M2: D-Day | N2: 비고/메모
A3: =ARRAYFORMULA(IF(B3:B51="","",ROW(B3:B51)-2)) | B3: =IFERROR(SORT(FILTER(과업입력!A3:M52,(과업입력!A3:A52<>"")*(과업입력!H3:H52<>"완료")),10,FALSE),"입력된 미완료 과업이 없습니다")
