Workbook

Sheet 가정·대시보드
A1: 브링 재무 대시보드
A2: 노란 칸만 채우면 아래 지표가 자동 계산됩니다 · 파란 글씨=확정값(수정가능) · 검정=자동계산
B4: ■ 입력 방법
B5: 노란 칸 | C5: ← 여기에 값을 넣으세요(직접 채움)
B6: 파란 글씨 | C6: ← 확정값(바꿔도 됨)
B7: 검정 글씨 | C7: ← 수식 자동계산(건드리지 마세요)
B9: ① 가정 입력 (INPUT)
B10: 항목 | C10: 값 | D10: 단위/비고
B11: 동당 관리비(공동관리) | C11: 89000
B12: 동당 변동비
B13: 월 고정비(인건비+차량+시스템 등)
B14: 현재 관리 동수 | C14: 7
B15: 월 신규 계약 동수(성장 가정)
B16: 현재 현금 잔고
B18: ② 자동 계산 결과 (OUTPUT)
B19: 지표 | C19: 값 | D19: 의미
B20: 동당 기여이익 | C20: =C11-C12 | D20: 관리비-변동비 (동 하나당 남는 돈)
B21: 기여이익률 | C21: =IFERROR((C11-C12)/C11,0) | D21: 매출 중 남는 비율
B22: 손익분기점(BEP) 동수 | C22: =IFERROR(ROUNDUP(C13/(C11-C12),0),0) | D22: 이 동수부터 흑자 (고정비÷기여이익)
B23: BEP까지 남은 동수 | C23: =MAX(0,IFERROR(ROUNDUP(C13/(C11-C12),0),0)-C14) | D23: 앞으로 더 필요한 동
B24: 현재 월 매출(MRR) | C24: =C14*C11 | D24: 현재 동수 × 관리비
B25: 현재 월 영업손익 | C25: =C14*(C11-C12)-C13 | D25: (+)면 흑자, (-)면 적자
B26: BEP 도달 예상(개월) | C26: =IF(C15>0,MAX(0,IFERROR(ROUNDUP(C13/(C11-C12),0),0)-C14)/C15,"성장가정 입력") | D26: 남은동수 ÷ 월신규동수
B27: 런웨이(적자 시) | C27: =IF(C25>=0,"흑자 — 무한",IFERROR(C16/(-C25),0)) | D27: 현금 ÷ 월 소진액
B28: ▸ 노란 칸 3개(변동비·고정비·성장)만 채우면 나머지가 전부 자동으로 채워집니다.
B29: ▸ 예: 변동비 30,000 / 고정비 5,000,000 / 신규 2동 → BEP·런웨이가 즉시 계산됨.

Sheet 3개년추정
A1: 3개년 재무추정
A2: 연말 동수(노란 칸)를 넣으면 매출·비용·영업이익이 자동 계산 · 단가는 대시보드 가정 참조
B4: 가정: 단가·변동비·고정비는 '가정·대시보드' 시트 값을 그대로 사용
B6: 구분 | C6: 1차년도 | D6: 2차년도 | E6: 3차년도
B7: 연말 관리 동수 [입력]
B8: 연평균 동수(자동) | C8: =('가정·대시보드'!C14+C7)/2 | D8: =(C7+D7)/2 | E8: =(D7+E7)/2
B9: 연 매출액 | C9: =C8*'가정·대시보드'!C11*12 | D9: =D8*'가정·대시보드'!C11*12 | E9: =E8*'가정·대시보드'!C11*12
B10: 연 변동비 | C10: =C8*'가정·대시보드'!C12*12 | D10: =D8*'가정·대시보드'!C12*12 | E10: =E8*'가정·대시보드'!C12*12
B11: 연 고정비 | C11: ='가정·대시보드'!C13*12 | D11: ='가정·대시보드'!C13*12 | E11: ='가정·대시보드'!C13*12
B12: 연 영업이익 | C12: =C9-C10-C11 | D12: =D9-D10-D11 | E12: =E9-E10-E11
B13: 누적 영업이익 | C13: =C12 | D13: =C13+D12 | E13: =D13+E12
B15: ▸ 단위 통일(원). 성장 가정(동수)은 보수적으로. 해지율이 있으면 연말 동수에 미리 반영하세요.

Sheet CAPEX
A1: CAPEX · 초기 투자
A2: 개략(파란=계획치) → 실제 견적으로 교체 · 합계 자동
B4: 항목 | C4: 내용 | D4: 개략 최소(만원) | E4: 개략 최대(만원) | F4: 담당
B5: 현장 이동수단(차량) | C5: 권역 이동·점검·자재 | D5: 500 | E5: 2000 | F5: 대표
B6: 점검·청소·수리 장비·공구 | C6: 직접 수행 + 촬영 | D6: 150 | E6: 400 | F6: 대표
B7: IoT 센서 파일럿 | C7: 도어락·누수·에너지 | D7: 100 | E7: 500 | F7: 우중
B8: IT 인프라 초기 구축 | C8: 서버·DB·도메인·보안 | D8: 100 | E8: 300 | F8: 현진
B9: 법인 전환·법무 | C9: 전환·정관·주주간계약 | D9: 250 | E9: 600 | F9: 대표
B10: 상표·SW저작권·(특허) | C10: IP 초기 출원 | D10: 250 | E10: 500 | F10: 대표
B11: 현금성 초기투자 합계 | C11: 개발·예비자금 별도 | D11: =SUM(D5:D10) | E11: =SUM(E5:E10)
B12: 플랫폼 개발/운영 예비자금 | C12: 인건비·3~6개월 버퍼 | F12: 대표

Sheet 인력계획
A1: 인력계획 (FTE)
A2: 동 수 확장에 맞춘 인력 · 1인 관리용량을 실측해 채우세요
B4: 역할 | C4: 담당 | D4: 현재 | E4: BEP시점 | F4: 비고
B5: 대표·영업·현장 | C5: 서창환 | D5: 1 | E5: 1 | F5: 고정
B6: 개발·자동화·CRM | C6: 현진 | D6: 1 | E6: 1
B7: 하드웨어·IoT | C7: 우중 | D7: 1 | E7: 1
B8: 현장 운영(관리·점검) | C8: [입력] | F8: 1인 관리용량 [확인 필요]
B9: 총 인원(FTE) | D9: =SUM(D5:D8) | E9: =SUM(E5:E8) | F9: 전임환산
B11: ▸ 1인이 몇 동까지 보는지(관리용량)를 실측하면 '동수↔인력↔비용'이 한 줄로 연결됩니다.

Sheet BSC성과관리
A1: 성과관리 대시보드 (BSC 4관점)
A2: KPI·현재·목표·측정주기 (노란=채움) · 월 1회 갱신
B4: ① 재무 (Financial)
B5: KPI(지표) | C5: 현재값 | D5: 목표값 | E5: 측정주기
B6: 월 고정매출(MRR) | E6: 월
B7: 관리 동수 | C7: '가정·대시보드'!C14 | E7: 월
B8: 동당 기여이익 | C8: '가정·대시보드'!C20 | E8: 월
B9: 영업이익률 | E9: 분기
B11: ② 고객 (Customer)
B12: KPI(지표) | C12: 현재값 | D12: 목표값 | E12: 측정주기
B13: 신규 계약 동수/월 | E13: 월
B14: 해지율(이탈) | E14: 월
B15: 건물주 재계약률 | E15: 분기
B16: 공실 대응 소요일 | E16: 건별
B18: ③ 내부 프로세스 (Process)
B19: KPI(지표) | C19: 현재값 | D19: 목표값 | E19: 측정주기
B20: 민원 케이스 처리시간 | E20: 월
B21: 정기점검 준수율(월2회) | E21: 월
B22: AI 민원분류 정확도 | C22: [확인 필요] | E22: 월
B23: 완료보고·사진 누락률 | E23: 월
B25: ④ 학습·성장 (Learning)
B26: KPI(지표) | C26: 현재값 | D26: 목표값 | E26: 측정주기
B27: 데이터 축적(동/세대) | C27: 5,129동/26,825세대 | E27: 분기
B28: 시스템 개선 건수 | E28: 분기
B29: 팀 역량·채용 | E29: 분기
B30: IP·인증 확보 수 | E30: 분기
